x,radius
0,0.0325
0.0000999999999999943,0.0325
0.000200000000000003,0.0325
0.000299999999999997,0.0325
0.000399999999999991,0.0325
0.0005,0.0325
0.000599999999999994,0.0325
0.000700000000000003,0.0325
0.000799999999999997,0.0325
0.000899999999999991,0.0325
0.001,0.0325
0.00109999999999999,0.0325
0.0012,0.0325
0.0013,0.0325
0.00139999999999999,0.0325
0.0015,0.0325
0.00159999999999999,0.0325
0.0017,0.0325
0.0018,0.0325
0.00189999999999999,0.0325
0.002,0.0325
0.00209999999999999,0.0325
0.0022,0.0325
0.0023,0.0325
0.00239999999999999,0.0325
0.0025,0.0325
0.00259999999999999,0.0325
0.0027,0.0325
0.0028,0.0325
0.00289999999999999,0.0325
0.003,0.0325
0.00309999999999999,0.0325
0.0032,0.0325
0.0033,0.0325
0.00339999999999999,0.0325
0.0035,0.0325
0.00359999999999999,0.0325
0.0037,0.0325
0.0038,0.0325
0.00389999999999999,0.0325
0.004,0.0325
0.00409999999999999,0.0325
0.0042,0.0325
0.0043,0.0325
0.00439999999999999,0.0325
0.0045,0.0325
0.00459999999999999,0.0325
0.0047,0.0325
0.0048,0.0325
0.00489999999999999,0.0325
0.005,0.0325
0.00509999999999999,0.0325
0.0052,0.0325
0.0053,0.0325
0.00539999999999999,0.0325
0.0055,0.0325
0.00559999999999999,0.0325
0.0057,0.0325
0.0058,0.0325
0.00589999999999999,0.0325
0.006,0.0325
0.00609999999999999,0.0325
0.0062,0.0325
0.0063,0.0325
0.00639999999999999,0.0325
0.0065,0.0325
0.00659999999999999,0.0325
0.0067,0.0325
0.0068,0.0325
0.00689999999999999,0.0325
0.007,0.0325
0.00709999999999999,0.0325
0.0072,0.0325
0.0073,0.0325
0.00739999999999999,0.0325
0.0075,0.0325
0.00759999999999999,0.0325
0.0077,0.0325
0.0078,0.0325
0.00789999999999999,0.0325
0.008,0.0325
0.00809999999999999,0.0325
0.0082,0.0325
0.0083,0.0325
0.00839999999999999,0.0325
0.0085,0.0325
0.00859999999999999,0.0325
0.0087,0.0325
0.0088,0.0325
0.00889999999999999,0.0325
0.009,0.0325
0.00909999999999999,0.0325
0.0092,0.0325
0.0093,0.0325
0.00939999999999999,0.0325
0.0095,0.0325
0.00959999999999999,0.0325
0.0097,0.0325
0.0098,0.0325
0.00989999999999999,0.0325
0.01,0.0325
0.0101,0.0325
0.0102,0.0325
0.0103,0.0325
0.0104,0.0325
0.0105,0.0325
0.0106,0.0325
0.0107,0.0325
0.0108,0.0325
0.0109,0.0325
0.011,0.0325
0.0111,0.0325
0.0112,0.0325
0.0113,0.0325
0.0114,0.0325
0.0115,0.0325
0.0116,0.0325
0.0117,0.0325
0.0118,0.0325
0.0119,0.0325
0.012,0.0325
0.0121,0.0325
0.0122,0.0325
0.0123,0.0325
0.0124,0.0325
0.0125,0.0325
0.0126,0.0325
0.0127,0.0325
0.0128,0.0325
0.0129,0.0325
0.013,0.0325
0.0131,0.0325
0.0132,0.0325
0.0133,0.0325
0.0134,0.0325
0.0135,0.0325
0.0136,0.0325
0.0137,0.0325
0.0138,0.0325
0.0139,0.0325
0.014,0.0325
0.0141,0.0325
0.0142,0.0325
0.0143,0.0325
0.0144,0.0325
0.0145,0.0325
0.0146,0.0325
0.0147,0.0325
0.0148,0.0325
0.0149,0.0325
0.015,0.0325
0.0151,0.0325
0.0152,0.0325
0.0153,0.0325
0.0154,0.0325
0.0155,0.0325
0.0156,0.0325
0.0157,0.0325
0.0158,0.0325
0.0159,0.0325
0.016,0.0325
0.0161,0.0325
0.0162,0.0325
0.0163,0.0325
0.0164,0.0325
0.0165,0.0325
0.0166,0.0325
0.0167,0.0325
0.0168,0.0325
0.0169,0.0325
0.017,0.0325
0.0171,0.0325
0.0172,0.0325
0.0173,0.0325
0.0174,0.0325
0.0175,0.0325
0.0176,0.0325
0.0177,0.0325
0.0178,0.0325
0.0179,0.0325
0.018,0.0325
0.0181,0.0325
0.0182,0.0325
0.0183,0.0325
0.0184,0.0325
0.0185,0.0325
0.0186,0.0325
0.0187,0.0325
0.0188,0.0325
0.0189,0.0325
0.019,0.0325
0.0191,0.0325
0.0192,0.0325
0.0193,0.0325
0.0194,0.0325
0.0195,0.0325
0.0196,0.0325
0.0197,0.0325
0.0198,0.0325
0.0199,0.0325
0.02,0.0325
0.0201,0.0325
0.0202,0.0325
0.0203,0.0325
0.0204,0.0325
0.0205,0.0325
0.0206,0.0325
0.0207,0.0325
0.0208,0.0325
0.0209,0.0325
0.021,0.0325
0.0211,0.0325
0.0212,0.0325
0.0213,0.0325
0.0214,0.0325
0.0215,0.0325
0.0216,0.0325
0.0217,0.0325
0.0218,0.0325
0.0219,0.0325
0.022,0.0325
0.0221,0.0325
0.0222,0.0325
0.0223,0.0325
0.0224,0.0325
0.0225,0.0325
0.0226,0.0325
0.0227,0.0325
0.0228,0.0325
0.0229,0.0325
0.023,0.0325
0.0231,0.0325
0.0232,0.0325
0.0233,0.0325
0.0234,0.0325
0.0235,0.0325
0.0236,0.0325
0.0237,0.0325
0.0238,0.0325
0.0239,0.0325
0.024,0.0325
0.0241,0.0325
0.0242,0.0325
0.0243,0.0325
0.0244,0.0325
0.0245,0.0325
0.0246,0.0325
0.0247,0.0325
0.0248,0.0325
0.0249,0.0325
0.025,0.0325
0.0251,0.0325
0.0252,0.032499
0.0253,0.032499
0.0254,0.032499
0.0255,0.032498
0.0256,0.032497
0.0257,0.032496
0.0258,0.032495
0.0259,0.032494
0.026,0.032493
0.0261,0.032492
0.0262,0.03249
0.0263,0.032489
0.0264,0.032487
0.0265,0.032485
0.0266,0.032483
0.0267,0.032481
0.0268,0.032479
0.0269,0.032477
0.027,0.032475
0.0271,0.032472
0.0272,0.03247
0.0273,0.032467
0.0274,0.032464
0.0275,0.032461
0.027599,0.032458
0.027699,0.032455
0.027799,0.032452
0.027899,0.032448
0.027999,0.032445
0.028099,0.032441
0.028199,0.032437
0.028299,0.032434
0.028399,0.03243
0.028499,0.032425
0.028599,0.032421
0.028699,0.032417
0.028799,0.032412
0.028898,0.032408
0.028998,0.032403
0.029098,0.032398
0.029198,0.032394
0.029298,0.032389
0.029398,0.032383
0.029498,0.032378
0.029598,0.032373
0.029697,0.032367
0.029797,0.032362
0.029897,0.032356
0.029997,0.03235
0.030097,0.032344
0.030197,0.032338
0.030296,0.032332
0.030396,0.032325
0.030496,0.032319
0.030596,0.032312
0.030696,0.032306
0.030795,0.032299
0.030895,0.032292
0.030995,0.032285
0.031095,0.032278
0.031194,0.03227
0.031294,0.032263
0.031394,0.032256
0.031493,0.032248
0.031593,0.03224
0.031693,0.032232
0.031793,0.032224
0.031892,0.032216
0.031992,0.032208
0.032091,0.0322
0.032191,0.032191
0.032291,0.032183
0.03239,0.032174
0.03249,0.032165
0.03259,0.032156
0.032689,0.032147
0.032789,0.032138
0.032888,0.032129
0.032988,0.032119
0.033087,0.03211
0.033187,0.0321
0.033286,0.03209
0.033386,0.03208
0.033485,0.03207
0.033585,0.03206
0.033684,0.03205
0.033784,0.032039
0.033883,0.032029
0.033983,0.032018
0.034082,0.032007
0.034182,0.031996
0.034281,0.031985
0.03438,0.031974
0.03448,0.031963
0.034579,0.031952
0.034678,0.03194
0.034778,0.031929
0.034877,0.031917
0.034976,0.031905
0.035076,0.031893
0.035175,0.031881
0.035274,0.031869
0.035373,0.031856
0.035473,0.031844
0.035572,0.031831
0.035671,0.031818
0.03577,0.031806
0.035869,0.031793
0.035968,0.031779
0.036068,0.031766
0.036167,0.031753
0.036266,0.031739
0.036365,0.031726
0.036464,0.031712
0.036563,0.031698
0.036662,0.031684
0.036761,0.03167
0.03686,0.031656
0.036959,0.031642
0.037058,0.031627
0.037157,0.031612
0.037256,0.031598
0.037355,0.031583
0.037453,0.031568
0.037552,0.031553
0.037651,0.031538
0.03775,0.031522
0.037849,0.031507
0.037947,0.031491
0.038046,0.031475
0.038145,0.031459
0.038244,0.031443
0.038342,0.031427
0.038441,0.031411
0.03854,0.031395
0.038638,0.031378
0.038737,0.031362
0.038835,0.031345
0.038934,0.031328
0.039033,0.031311
0.039131,0.031294
0.03923,0.031276
0.039328,0.031259
0.039427,0.031241
0.039525,0.031224
0.039623,0.031206
0.039722,0.031188
0.03982,0.03117
0.039918,0.031152
0.040017,0.031134
0.040115,0.031115
0.040213,0.031096
0.040312,0.031078
0.04041,0.031059
0.040508,0.03104
0.040606,0.031021
0.040704,0.031002
0.040802,0.030982
0.0409,0.030963
0.040998,0.030943
0.041096,0.030923
0.041194,0.030903
0.041292,0.030883
0.04139,0.030863
0.041488,0.030843
0.041586,0.030823
0.041684,0.030802
0.041782,0.030781
0.04188,0.030761
0.041977,0.03074
0.042075,0.030719
0.042173,0.030697
0.042271,0.030676
0.042368,0.030654
0.042466,0.030633
0.042564,0.030611
0.042661,0.030589
0.042759,0.030567
0.042856,0.030545
0.042954,0.030523
0.043051,0.0305
0.043149,0.030478
0.043246,0.030455
0.043343,0.030432
0.043441,0.030409
0.043538,0.030386
0.043635,0.030363
0.043732,0.030339
0.04383,0.030316
0.043927,0.030292
0.044024,0.030268
0.044121,0.030245
0.044218,0.03022
0.044315,0.030196
0.044412,0.030172
0.044509,0.030147
0.044606,0.030123
0.044703,0.030098
0.0448,0.030073
0.044896,0.030048
0.044993,0.030023
0.04509,0.029998
0.045187,0.029972
0.045283,0.029947
0.04538,0.029921
0.045477,0.029895
0.045573,0.029869
0.04567,0.029843
0.045766,0.029817
0.045863,0.02979
0.045959,0.029764
0.046055,0.029737
0.046152,0.02971
0.046248,0.029683
0.046344,0.029656
0.04644,0.029629
0.046537,0.029601
0.046633,0.029574
0.046729,0.029546
0.046825,0.029518
0.046921,0.02949
0.047017,0.029462
0.047113,0.029434
0.047209,0.029405
0.047305,0.029377
0.0474,0.029348
0.047496,0.029319
0.047592,0.02929
0.047687,0.029261
0.047783,0.029232
0.047879,0.029202
0.047974,0.029173
0.04807,0.029143
0.048165,0.029113
0.04826,0.029083
0.048356,0.029053
0.048451,0.029023
0.048546,0.028992
0.048642,0.028962
0.048737,0.028931
0.048832,0.0289
0.048927,0.028869
0.049022,0.028838
0.049117,0.028807
0.049212,0.028775
0.049307,0.028744
0.049402,0.028712
0.049496,0.02868
0.049591,0.028648
0.049686,0.028616
0.04978,0.028584
0.049875,0.028551
0.049969,0.028518
0.050064,0.028486
0.050158,0.028453
0.050253,0.02842
0.050347,0.028386
0.050441,0.028353
0.050536,0.028319
0.05063,0.028286
0.050724,0.028252
0.050818,0.028218
0.050912,0.028184
0.051006,0.028149
0.0511,0.028115
0.051193,0.02808
0.051287,0.028046
0.051381,0.028011
0.051475,0.027976
0.051568,0.027941
0.051662,0.027905
0.051755,0.02787
0.051849,0.027834
0.051942,0.027798
0.052035,0.027762
0.052129,0.027726
0.052222,0.02769
0.052315,0.027654
0.052408,0.027617
0.052501,0.02758
0.052594,0.027543
0.052687,0.027506
0.05278,0.027469
0.052872,0.027432
0.052965,0.027394
0.053058,0.027357
0.05315,0.027319
0.053243,0.027281
0.053335,0.027243
0.053428,0.027205
0.05352,0.027166
0.053612,0.027128
0.053705,0.027089
0.053797,0.02705
0.053889,0.027011
0.053981,0.026972
0.054073,0.026932
0.054165,0.026893
0.054256,0.026853
0.054348,0.026813
0.05444,0.026773
0.054531,0.026733
0.054623,0.026693
0.054714,0.026653
0.054806,0.026612
0.054897,0.026571
0.054988,0.02653
0.055079,0.026489
0.05517,0.026448
0.055261,0.026406
0.055352,0.026365
0.055443,0.026323
0.055534,0.026281
0.055625,0.026239
0.055716,0.026197
0.055806,0.026155
0.055897,0.026112
0.055987,0.026069
0.056077,0.026027
0.056168,0.025984
0.056258,0.02594
0.056348,0.025897
0.056438,0.025854
0.056528,0.02581
0.056618,0.025766
0.056708,0.025722
0.056797,0.025678
0.056887,0.025634
0.056977,0.025589
0.057066,0.025545
0.057156,0.0255
0.057245,0.025455
0.057334,0.02541
0.057423,0.025365
0.057512,0.025319
0.057601,0.025274
0.05769,0.025228
0.057779,0.025182
0.057868,0.025136
0.057957,0.02509
0.058045,0.025043
0.058134,0.024997
0.058222,0.02495
0.05831,0.024903
0.058399,0.024856
0.058487,0.024809
0.058575,0.024761
0.058663,0.024714
0.058751,0.024666
0.058838,0.024618
0.058926,0.02457
0.059014,0.024522
0.059101,0.024473
0.059189,0.024425
0.059276,0.024376
0.059363,0.024327
0.05945,0.024278
0.059537,0.024229
0.059624,0.02418
0.059711,0.02413
0.059798,0.02408
0.059885,0.02403
0.059904,0.024019
0.059971,0.02398
0.060058,0.023931
0.060145,0.023882
0.060232,0.023832
0.06032,0.023784
0.060407,0.023735
0.060495,0.023687
0.060582,0.023639
0.06067,0.023592
0.060759,0.023544
0.060847,0.023497
0.060935,0.023451
0.061024,0.023404
0.061113,0.023358
0.061201,0.023312
0.06129,0.023267
0.06138,0.023221
0.061469,0.023177
0.061558,0.023132
0.061648,0.023088
0.061738,0.023044
0.061828,0.023
0.061918,0.022956
0.062008,0.022913
0.062098,0.02287
0.062189,0.022828
0.06228,0.022786
0.06237,0.022744
0.062461,0.022702
0.062552,0.022661
0.062644,0.02262
0.062735,0.022579
0.062826,0.022539
0.062918,0.022498
0.06301,0.022459
0.063102,0.022419
0.063194,0.02238
0.063286,0.022341
0.063378,0.022303
0.06347,0.022264
0.063563,0.022226
0.063656,0.022189
0.063748,0.022151
0.063841,0.022114
0.063934,0.022078
0.064027,0.022041
0.064121,0.022005
0.064214,0.021969
0.064307,0.021934
0.064401,0.021899
0.064495,0.021864
0.064589,0.021829
0.064683,0.021795
0.064777,0.021761
0.064871,0.021727
0.064965,0.021694
0.06506,0.021661
0.065154,0.021629
0.065249,0.021596
0.065343,0.021564
0.065438,0.021532
0.065533,0.021501
0.065628,0.02147
0.065723,0.021439
0.065819,0.021409
0.065914,0.021379
0.066009,0.021349
0.066105,0.021319
0.066201,0.02129
0.066296,0.021261
0.066392,0.021233
0.066488,0.021205
0.066584,0.021177
0.06668,0.021149
0.066777,0.021122
0.066873,0.021095
0.066969,0.021068
0.067066,0.021042
0.067162,0.021016
0.067259,0.02099
0.067356,0.020965
0.067453,0.02094
0.067549,0.020915
0.067646,0.020891
0.067744,0.020867
0.067841,0.020843
0.067938,0.02082
0.068035,0.020797
0.068133,0.020774
0.06823,0.020752
0.068328,0.02073
0.068425,0.020708
0.068523,0.020687
0.068621,0.020665
0.068718,0.020645
0.068816,0.020624
0.068914,0.020604
0.069012,0.020584
0.06911,0.020565
0.069209,0.020546
0.069307,0.020527
0.069405,0.020508
0.069503,0.02049
0.069602,0.020472
0.0697,0.020455
0.069799,0.020438
0.069897,0.020421
0.069996,0.020404
0.070095,0.020388
0.070193,0.020372
0.070292,0.020357
0.070391,0.020341
0.07049,0.020327
0.070589,0.020312
0.070688,0.020298
0.070787,0.020284
0.070886,0.02027
0.070985,0.020257
0.071084,0.020244
0.071183,0.020232
0.071283,0.020219
0.071382,0.020207
0.071481,0.020196
0.071581,0.020185
0.07168,0.020174
0.071779,0.020163
0.071879,0.020153
0.071978,0.020143
0.072078,0.020133
0.072177,0.020124
0.072277,0.020115
0.072377,0.020107
0.072476,0.020098
0.072576,0.02009
0.072676,0.020083
0.072776,0.020076
0.072875,0.020069
0.072975,0.020062
0.073075,0.020056
0.073175,0.02005
0.073275,0.020044
0.073374,0.020039
0.073474,0.020034
0.073574,0.020029
0.073674,0.020025
0.073774,0.020021
0.073874,0.020018
0.073974,0.020014
0.074074,0.020011
0.074174,0.020009
0.074274,0.020007
0.074374,0.020005
0.074474,0.020003
0.074574,0.020002
0.074674,0.020001
0.074774,0.02
0.074874,0.02
0.074904,0.02
0.074974,0.02
0.075074,0.020002
0.075174,0.020005
0.075274,0.020009
0.075373,0.020015
0.075473,0.020021
0.075573,0.020029
0.075672,0.020039
0.075772,0.02005
0.075871,0.020062
0.07597,0.020075
0.076069,0.02009
0.076168,0.020106
0.076266,0.020123
0.076365,0.020142
0.076463,0.020162
0.07656,0.020183
0.076658,0.020205
0.076755,0.020229
0.076852,0.020254
0.076948,0.02028
0.077044,0.020308
0.07714,0.020336
0.077236,0.020366
0.07733,0.020398
0.077425,0.02043
0.077519,0.020464
0.077613,0.020499
0.077706,0.020535
0.077799,0.020573
0.077891,0.020612
0.077983,0.020651
0.078074,0.020693
0.078164,0.020735
0.078254,0.020778
0.078344,0.020823
0.078433,0.020869
0.078521,0.020916
0.078609,0.020964
0.078696,0.021013
0.078782,0.021063
0.078869,0.021113
0.078956,0.021163
0.079042,0.021213
0.079129,0.021263
0.079215,0.021313
0.079302,0.021363
0.079389,0.021413
0.079475,0.021463
0.079562,0.021513
0.079649,0.021563
0.079735,0.021613
0.079822,0.021662
0.079909,0.021712
0.079995,0.021762
0.080082,0.021812
0.080169,0.021862
0.080256,0.021912
0.080342,0.021961
0.080429,0.022011
0.080516,0.022061
0.080603,0.022111
0.080689,0.02216
0.080776,0.02221
0.080863,0.02226
0.08095,0.022309
0.081036,0.022359
0.081123,0.022409
0.08121,0.022458
0.081297,0.022508
0.081384,0.022558
0.08147,0.022607
0.081557,0.022657
0.081644,0.022707
0.081731,0.022756
0.081818,0.022806
0.081905,0.022855
0.081991,0.022905
0.082078,0.022955
0.082165,0.023004
0.082252,0.023054
0.082339,0.023103
0.082426,0.023153
0.082513,0.023202
0.0826,0.023252
0.082686,0.023301
0.082773,0.02335
0.08286,0.0234
0.082947,0.023449
0.083034,0.023499
0.083121,0.023548
0.083208,0.023598
0.083295,0.023647
0.083382,0.023696
0.083469,0.023746
0.083556,0.023795
0.083643,0.023844
0.08373,0.023894
0.083817,0.023943
0.083904,0.023992
0.083991,0.024042
0.084078,0.024091
0.084165,0.02414
0.084252,0.024189
0.084339,0.024239
0.084426,0.024288
0.084513,0.024337
0.0846,0.024386
0.084687,0.024436
0.084774,0.024485
0.084861,0.024534
0.084948,0.024583
0.085036,0.024632
0.085123,0.024681
0.08521,0.02473
0.085297,0.02478
0.085384,0.024829
0.085471,0.024878
0.085558,0.024927
0.085645,0.024976
0.085732,0.025025
0.08582,0.025074
0.085907,0.025123
0.085994,0.025172
0.086081,0.025221
0.086168,0.02527
0.086255,0.025319
0.086343,0.025368
0.08643,0.025417
0.086517,0.025466
0.086604,0.025515
0.086691,0.025564
0.086779,0.025613
0.086866,0.025662
0.086953,0.025711
0.08704,0.025759
0.087128,0.025808
0.087215,0.025857
0.087302,0.025906
0.087389,0.025955
0.087477,0.026004
0.087564,0.026052
0.087651,0.026101
0.087739,0.02615
0.087826,0.026199
0.087913,0.026248
0.088,0.026296
0.088088,0.026345
0.088175,0.026394
0.088262,0.026442
0.08835,0.026491
0.088437,0.02654
0.088524,0.026589
0.088612,0.026637
0.088699,0.026686
0.088787,0.026735
0.088874,0.026783
0.088961,0.026832
0.089049,0.02688
0.089136,0.026929
0.089223,0.026978
0.089311,0.027026
0.089398,0.027075
0.089486,0.027123
0.089573,0.027172
0.089661,0.02722
0.089748,0.027269
0.089835,0.027317
0.089923,0.027366
0.09001,0.027414
0.090098,0.027463
0.090185,0.027511
0.090273,0.02756
0.09036,0.027608
0.090448,0.027657
0.090535,0.027705
0.090623,0.027753
0.09071,0.027802
0.090798,0.02785
0.090885,0.027899
0.090973,0.027947
0.09106,0.027995
0.091148,0.028044
0.091236,0.028092
0.091323,0.02814
0.091411,0.028188
0.091498,0.028237
0.091586,0.028285
0.091673,0.028333
0.091761,0.028382
0.091849,0.02843
0.091936,0.028478
0.092024,0.028526
0.092111,0.028574
0.092199,0.028623
0.092287,0.028671
0.092374,0.028719
0.092462,0.028767
0.09255,0.028815
0.092637,0.028863
0.092725,0.028911
0.092813,0.02896
0.0929,0.029008
0.092988,0.029056
0.093076,0.029104
0.093163,0.029152
0.093251,0.0292
0.093339,0.029248
0.093426,0.029296
0.093514,0.029344
0.093602,0.029392
0.09369,0.02944
0.093777,0.029488
0.093865,0.029536
0.093953,0.029584
0.094041,0.029632
0.094128,0.02968
0.094216,0.029728
0.094304,0.029776
0.094392,0.029824
0.09448,0.029871
0.094567,0.029919
0.094655,0.029967
0.094743,0.030015
0.094831,0.030063
0.094919,0.030111
0.095006,0.030158
0.095094,0.030206
0.095182,0.030254
0.09527,0.030302
0.095358,0.03035
0.095446,0.030397
0.095533,0.030445
0.095621,0.030493
0.095709,0.030541
0.095797,0.030588
0.095885,0.030636
0.095973,0.030684
0.096061,0.030731
0.096149,0.030779
0.096237,0.030827
0.096325,0.030874
0.096412,0.030922
0.0965,0.03097
0.096588,0.031017
0.096676,0.031065
0.096764,0.031112
0.096852,0.03116
0.09694,0.031207
0.097028,0.031255
0.097116,0.031303
0.097204,0.03135
0.097292,0.031398
0.09738,0.031445
0.097468,0.031493
0.097556,0.03154
0.097644,0.031587
0.097732,0.031635
0.09782,0.031682
0.097908,0.03173
0.097996,0.031777
0.098084,0.031825
0.098172,0.031872
0.09826,0.031919
0.098349,0.031967
0.098437,0.032014
0.098525,0.032061
0.098613,0.032109
0.098701,0.032156
0.098789,0.032203
0.098877,0.032251
0.098965,0.032298
0.099053,0.032345
0.099141,0.032393
0.09923,0.03244
0.099318,0.032487
0.099406,0.032534
0.099494,0.032582
0.099582,0.032629
0.09967,0.032676
0.099758,0.032723
0.099847,0.03277
0.099935,0.032817
0.100023,0.032865
0.100111,0.032912
0.100199,0.032959
0.100288,0.033006
0.100376,0.033053
0.100464,0.0331
0.100552,0.033147
0.100641,0.033194
0.100729,0.033241
0.100817,0.033288
0.100905,0.033335
0.100993,0.033382
0.101082,0.033429
0.10117,0.033476
0.101258,0.033523
0.101347,0.03357
0.101435,0.033617
0.101523,0.033664
0.101611,0.033711
0.1017,0.033758
0.101788,0.033805
0.101876,0.033852
0.101965,0.033899
0.102053,0.033946
0.102141,0.033993
0.10223,0.03404
0.102318,0.034086
0.102406,0.034133
0.102495,0.03418
0.102583,0.034227
0.102672,0.034274
0.10276,0.03432
0.102848,0.034367
0.102937,0.034414
0.103025,0.034461
0.103113,0.034507
0.103202,0.034554
0.10329,0.034601
0.103379,0.034648
0.103467,0.034694
0.103556,0.034741
0.103644,0.034788
0.103732,0.034834
0.103821,0.034881
0.103909,0.034928
0.103998,0.034974
0.104086,0.035021
0.104175,0.035067
0.104263,0.035114
0.104352,0.035161
0.10444,0.035207
0.104529,0.035254
0.104617,0.0353
0.104706,0.035347
0.104794,0.035393
0.104883,0.03544
0.104971,0.035486
0.10506,0.035533
0.105148,0.035579
0.105237,0.035626
0.105326,0.035672
0.105414,0.035719
0.105503,0.035765
0.105591,0.035811
0.10568,0.035858
0.105768,0.035904
0.105857,0.035951
0.105946,0.035997
0.106034,0.036043
0.106123,0.03609
0.106211,0.036136
0.1063,0.036182
0.106389,0.036229
0.106477,0.036275
0.106566,0.036321
0.106655,0.036368
0.106743,0.036414
0.106832,0.03646
0.106921,0.036506
0.107009,0.036553
0.107098,0.036599
0.107187,0.036645
0.107275,0.036691
0.107364,0.036737
0.107453,0.036784
0.107541,0.03683
0.10763,0.036876
0.107719,0.036922
0.107808,0.036968
0.107896,0.037014
0.107985,0.03706
0.108074,0.037106
0.108163,0.037152
0.108251,0.037199
0.10834,0.037245
0.108429,0.037291
0.108518,0.037337
0.108606,0.037383
0.108695,0.037429
0.108784,0.037475
0.108873,0.037521
0.108962,0.037567
0.10905,0.037613
0.109139,0.037659
0.109228,0.037704
0.109317,0.03775
0.109406,0.037796
0.109495,0.037842
0.109583,0.037888
0.109672,0.037934
0.109761,0.03798
0.10985,0.038026
0.109939,0.038072
0.110028,0.038117
0.110117,0.038163
0.110206,0.038209
0.110294,0.038255
0.110383,0.038301
0.110472,0.038346
0.110561,0.038392
0.11065,0.038438
0.110739,0.038484
0.110828,0.038529
0.110917,0.038575
0.111006,0.038621
0.111095,0.038667
0.111184,0.038712
0.111273,0.038758
0.111362,0.038804
0.111451,0.038849
0.11154,0.038895
0.111629,0.03894
0.111718,0.038986
0.111807,0.039032
0.111896,0.039077
0.111985,0.039123
0.112074,0.039168
0.112163,0.039214
0.112252,0.039259
0.112341,0.039305
0.11243,0.039351
0.112519,0.039396
0.112608,0.039442
0.112697,0.039487
0.112786,0.039533
0.112875,0.039578
0.112964,0.039623
0.113053,0.039669
0.113142,0.039714
0.113231,0.03976
0.11332,0.039805
0.11341,0.039851
0.113499,0.039896
0.113588,0.039941
0.113677,0.039987
0.113766,0.040032
0.113855,0.040077
0.113944,0.040123
0.114033,0.040168
0.114123,0.040213
0.114212,0.040259
0.114301,0.040304
0.11439,0.040349
0.114479,0.040394
0.114568,0.04044
0.114658,0.040485
0.114747,0.04053
0.114836,0.040575
0.114925,0.04062
0.115014,0.040666
0.115104,0.040711
0.115193,0.040756
0.115282,0.040801
0.115371,0.040846
0.115461,0.040891
0.11555,0.040936
0.115639,0.040982
0.115728,0.041027
0.115818,0.041072
0.115907,0.041117
0.115996,0.041162
0.116085,0.041207
0.116175,0.041252
0.116264,0.041297
0.116353,0.041342
0.116443,0.041387
0.116532,0.041432
0.116621,0.041477
0.116711,0.041522
0.1168,0.041567
0.116889,0.041612
0.116979,0.041657
0.117068,0.041702
0.117157,0.041747
0.117247,0.041791
0.117336,0.041836
0.117425,0.041881
0.117515,0.041926
0.117604,0.041971
0.117693,0.042016
0.117783,0.042061
0.117872,0.042105
0.117962,0.04215
0.118051,0.042195
0.11814,0.04224
0.11823,0.042285
0.118319,0.042329
0.118409,0.042374
0.118498,0.042419
0.118588,0.042463
0.118677,0.042508
0.118767,0.042553
0.118856,0.042598
0.118945,0.042642
0.119035,0.042687
0.119124,0.042732
0.119214,0.042776
0.119303,0.042821
0.119393,0.042865
0.119482,0.04291
0.119572,0.042955
0.119661,0.042999
0.119751,0.043044
0.11984,0.043088
0.11993,0.043133
0.120019,0.043177
0.120109,0.043222
0.120199,0.043266
0.120288,0.043311
0.120378,0.043355
0.120467,0.0434
0.120557,0.043444
0.120646,0.043489
0.120736,0.043533
0.120826,0.043578
0.120915,0.043622
0.121005,0.043667
0.121094,0.043711
0.121184,0.043755
0.121274,0.0438
0.121363,0.043844
0.121453,0.043888
0.121542,0.043933
0.121632,0.043977
0.121722,0.044021
0.121811,0.044066
0.121901,0.04411
0.121991,0.044154
0.12208,0.044199
0.12217,0.044243
0.12226,0.044287
0.122349,0.044331
0.122439,0.044376
0.122529,0.04442
0.122619,0.044464
0.122708,0.044508
0.122798,0.044552
0.122888,0.044596
0.122977,0.044641
0.123067,0.044685
0.123157,0.044729
0.123247,0.044773
0.123336,0.044817
0.123426,0.044861
0.123516,0.044905
0.123606,0.044949
0.123695,0.044993
0.123785,0.045038
0.123875,0.045082
0.123965,0.045126
0.124054,0.04517
0.124144,0.045214
0.124234,0.045258
0.124324,0.045302
0.124414,0.045346
0.124504,0.04539
0.124593,0.045433
0.124683,0.045477
0.124773,0.045521
0.124863,0.045565
0.124953,0.045609
0.125043,0.045653
0.125132,0.045697
0.125222,0.045741
0.125312,0.045785
0.125402,0.045828
0.125492,0.045872
0.125582,0.045916
0.125672,0.04596
0.125762,0.046004
0.125852,0.046048
0.125941,0.046091
0.126031,0.046135
0.126121,0.046179
0.126211,0.046223
0.126301,0.046266
0.126391,0.04631
0.126481,0.046354
0.126571,0.046397
0.126661,0.046441
0.126751,0.046485
0.126841,0.046528
0.126931,0.046572
0.127021,0.046616
0.127111,0.046659
0.127201,0.046703
0.127291,0.046747
0.127381,0.04679
0.127471,0.046834
0.127561,0.046877
0.127651,0.046921
0.127741,0.046964
0.127831,0.047008
0.127921,0.047051
0.128011,0.047095
0.128101,0.047138
0.128191,0.047182
0.128281,0.047225
0.128371,0.047269
0.128461,0.047312
0.128551,0.047356
0.128641,0.047399
0.128731,0.047443
0.128821,0.047486
0.128912,0.047529
0.129002,0.047573
0.129092,0.047616
0.129182,0.04766
0.129272,0.047703
0.129362,0.047746
0.129452,0.04779
0.129542,0.047833
0.129633,0.047876
0.129723,0.047919
0.129813,0.047963
0.129903,0.048006
0.129993,0.048049
0.130083,0.048093
0.130173,0.048136
0.130264,0.048179
0.130354,0.048222
0.130444,0.048265
0.130534,0.048309
0.130624,0.048352
0.130715,0.048395
0.130805,0.048438
0.130895,0.048481
0.130985,0.048524
0.131075,0.048567
0.131166,0.048611
0.131256,0.048654
0.131346,0.048697
0.131436,0.04874
0.131527,0.048783
0.131617,0.048826
0.131707,0.048869
0.131797,0.048912
0.131888,0.048955
0.131978,0.048998
0.132068,0.049041
0.132159,0.049084
0.132249,0.049127
0.132339,0.04917
0.13243,0.049213
0.13252,0.049256
0.13261,0.049299
0.1327,0.049342
0.132791,0.049385
0.132881,0.049427
0.132971,0.04947
0.133062,0.049513
0.133152,0.049556
0.133243,0.049599
0.133333,0.049642
0.133423,0.049685
0.133514,0.049727
0.133604,0.04977
0.133694,0.049813
0.133785,0.049856
0.133875,0.049898
0.133966,0.049941
0.134056,0.049984
0.134146,0.050027
0.134237,0.050069
0.134327,0.050112
0.134418,0.050155
0.134508,0.050197
0.134599,0.05024
0.134689,0.050283
0.134779,0.050325
0.13487,0.050368
0.13496,0.050411
0.135051,0.050453
0.135141,0.050496
0.135232,0.050539
0.135322,0.050581
0.135413,0.050624
0.135503,0.050666
0.135594,0.050709
0.135684,0.050751
0.135775,0.050794
0.135865,0.050836
0.135956,0.050879
0.136046,0.050921
0.136137,0.050964
0.136227,0.051006
0.136318,0.051049
0.136408,0.051091
0.136499,0.051134
0.13659,0.051176
0.13668,0.051218
0.136771,0.051261
0.136861,0.051303
0.136952,0.051346
0.137042,0.051388
0.137133,0.05143
0.137224,0.051473
0.137314,0.051515
0.137405,0.051557
0.137495,0.0516
0.137586,0.051642
0.137677,0.051684
0.137767,0.051726
0.137858,0.051769
0.137949,0.051811
0.138039,0.051853
0.13813,0.051895
0.13822,0.051938
0.138311,0.05198
0.138402,0.052022
0.138492,0.052064
0.138583,0.052106
0.138674,0.052149
0.138765,0.052191
0.138855,0.052233
0.138946,0.052275
0.139037,0.052317
0.139127,0.052359
0.139218,0.052401
0.139309,0.052443
0.139399,0.052485
0.13949,0.052527
0.139581,0.05257
0.139672,0.052612
0.139762,0.052654
0.139853,0.052696
0.139944,0.052738
0.140035,0.05278
0.140125,0.052822
0.140216,0.052863
0.140307,0.052905
0.140398,0.052947
0.140489,0.052989
0.140579,0.053031
0.14067,0.053073
0.140761,0.053115
0.140852,0.053157
0.140943,0.053199
0.141033,0.053241
0.141124,0.053282
0.141215,0.053324
0.141306,0.053366
0.141397,0.053408
0.141488,0.05345
0.141578,0.053492
0.141669,0.053533
0.14176,0.053575
0.141851,0.053617
0.141942,0.053659
0.142033,0.0537
0.142124,0.053742
0.142214,0.053784
0.142305,0.053825
0.142396,0.053867
0.142487,0.053909
0.142578,0.053951
0.142669,0.053992
0.14276,0.054034
0.142851,0.054075
0.142942,0.054117
0.143033,0.054159
0.143124,0.0542
0.143215,0.054242
0.143305,0.054283
0.143396,0.054325
0.143487,0.054367
0.143578,0.054408
0.143669,0.05445
0.14376,0.054491
0.143851,0.054533
0.143942,0.054574
0.144033,0.054616
0.144124,0.054657
0.144215,0.054699
0.144306,0.05474
0.144397,0.054781
0.144488,0.054823
0.144579,0.054864
0.14467,0.054906
0.144761,0.054947
0.144852,0.054988
0.144943,0.05503
0.145034,0.055071
0.145126,0.055113
0.145217,0.055154
0.145308,0.055195
0.145399,0.055237
0.14549,0.055278
0.145581,0.055319
0.145672,0.05536
0.145763,0.055402
0.145854,0.055443
0.145945,0.055484
0.146036,0.055525
0.146127,0.055567
0.146219,0.055608
0.14631,0.055649
0.146401,0.05569
0.146492,0.055731
0.146583,0.055773
0.146674,0.055814
0.146765,0.055855
0.146856,0.055896
0.146948,0.055937
0.147039,0.055978
0.14713,0.056019
0.147221,0.05606
0.147312,0.056101
0.147403,0.056143
0.147495,0.056184
0.147586,0.056225
0.147677,0.056266
0.147768,0.056307
0.147859,0.056348
0.147951,0.056389
0.148042,0.05643
0.148133,0.056471
0.148224,0.056512
0.148316,0.056553
0.148407,0.056593
0.148498,0.056634
0.148589,0.056675
0.148681,0.056716
0.148772,0.056757
0.148863,0.056798
0.148954,0.056839
0.149046,0.05688
0.149137,0.056921
0.149228,0.056961
0.149319,0.057002
0.149411,0.057043
0.149502,0.057084
0.149593,0.057125
0.149685,0.057165
0.149776,0.057206
0.149867,0.057247
0.149959,0.057288
0.15005,0.057328
0.150141,0.057369
0.150233,0.05741
0.150324,0.057451
0.150415,0.057491
0.150507,0.057532
0.150598,0.057573
0.150689,0.057613
0.150781,0.057654
0.150872,0.057695
0.150963,0.057735
0.151055,0.057776
0.151146,0.057816
0.151238,0.057857
0.151329,0.057898
0.15142,0.057938
0.151512,0.057979
0.151603,0.058019
0.151695,0.05806
0.151786,0.0581
0.151878,0.058141
0.151969,0.058181
0.15206,0.058222
0.152152,0.058262
0.152243,0.058303
0.152335,0.058343
0.152426,0.058384
0.152518,0.058424
0.152609,0.058464
0.152701,0.058505
0.152792,0.058545
0.152884,0.058586
0.152975,0.058626
0.153067,0.058666
0.153158,0.058707
0.15325,0.058747
0.153341,0.058787
0.153433,0.058828
0.153524,0.058868
0.153616,0.058908
0.153707,0.058949
0.153799,0.058989
0.15389,0.059029
0.153982,0.059069
0.154073,0.05911
0.154165,0.05915
0.154256,0.05919
0.154348,0.05923
0.15444,0.05927
0.154531,0.059311
0.154623,0.059351
0.154714,0.059391
0.154806,0.059431
0.154897,0.059471
0.154989,0.059511
0.155081,0.059551
0.155172,0.059591
0.155264,0.059632
0.155356,0.059672
0.155447,0.059712
0.155539,0.059752
0.15563,0.059792
0.155722,0.059832
0.155814,0.059872
0.155905,0.059912
0.155997,0.059952
0.156089,0.059992
0.15618,0.060032
0.156272,0.060072
0.156364,0.060112
0.156455,0.060152
0.156547,0.060192
0.156639,0.060232
0.15673,0.060271
0.156822,0.060311
0.156914,0.060351
0.157005,0.060391
0.157097,0.060431
0.157189,0.060471
0.157281,0.060511
0.157372,0.06055
0.157464,0.06059
0.157556,0.06063
0.157648,0.06067
0.157739,0.06071
0.157831,0.060749
0.157923,0.060789
0.158015,0.060829
0.158106,0.060869
0.158198,0.060908
0.15829,0.060948
0.158382,0.060988
0.158473,0.061028
0.158565,0.061067
0.158657,0.061107
0.158749,0.061147
0.158841,0.061186
0.158932,0.061226
0.159024,0.061265
0.159116,0.061305
0.159208,0.061345
0.1593,0.061384
0.159392,0.061424
0.159483,0.061463
0.159575,0.061503
0.159667,0.061543
0.159759,0.061582
0.159851,0.061622
0.159943,0.061661
0.160035,0.061701
0.160126,0.06174
0.160218,0.06178
0.16031,0.061819
0.160402,0.061859
0.160494,0.061898
0.160586,0.061937
0.160678,0.061977
0.16077,0.062016
0.160862,0.062056
0.160953,0.062095
0.161045,0.062134
0.161137,0.062174
0.161229,0.062213
0.161321,0.062252
0.161413,0.062292
0.161505,0.062331
0.161597,0.06237
0.161689,0.06241
0.161781,0.062449
0.161873,0.062488
0.161965,0.062528
0.162057,0.062567
0.162149,0.062606
0.162241,0.062645
0.162333,0.062684
0.162425,0.062724
0.162517,0.062763
0.162609,0.062802
0.162701,0.062841
0.162793,0.06288
0.162885,0.06292
0.162977,0.062959
0.163069,0.062998
0.163161,0.063037
0.163253,0.063076
0.163345,0.063115
0.163437,0.063154
0.163529,0.063193
0.163621,0.063232
0.163713,0.063271
0.163805,0.063311
0.163897,0.06335
0.163989,0.063389
0.164081,0.063428
0.164174,0.063467
0.164266,0.063506
0.164358,0.063545
0.16445,0.063583
0.164542,0.063622
0.164634,0.063661
0.164726,0.0637
0.164818,0.063739
0.16491,0.063778
0.165002,0.063817
0.165095,0.063856
0.165187,0.063895
0.165279,0.063934
0.165371,0.063972
0.165463,0.064011
0.165555,0.06405
0.165648,0.064089
0.16574,0.064128
0.165832,0.064167
0.165924,0.064205
0.166016,0.064244
0.166108,0.064283
0.166201,0.064322
0.166293,0.06436
0.166385,0.064399
0.166477,0.064438
0.166569,0.064477
0.166662,0.064515
0.166754,0.064554
0.166846,0.064593
0.166938,0.064631
0.16703,0.06467
0.167123,0.064709
0.167215,0.064747
0.167307,0.064786
0.167399,0.064824
0.167492,0.064863
0.167584,0.064902
0.167676,0.06494
0.167768,0.064979
0.167861,0.065017
0.167953,0.065056
0.168045,0.065094
0.168138,0.065133
0.16823,0.065171
0.168322,0.06521
0.168414,0.065248
0.168507,0.065287
0.168599,0.065325
0.168691,0.065364
0.168784,0.065402
0.168876,0.06544
0.168968,0.065479
0.169061,0.065517
0.169153,0.065556
0.169245,0.065594
0.169338,0.065632
0.16943,0.065671
0.169522,0.065709
0.169615,0.065747
0.169707,0.065786
0.1698,0.065824
0.169892,0.065862
0.169984,0.065901
0.170077,0.065939
0.170169,0.065977
0.170261,0.066016
0.170354,0.066054
0.170446,0.066092
0.170539,0.06613
0.170631,0.066168
0.170723,0.066207
0.170816,0.066245
0.170908,0.066283
0.171001,0.066321
0.171093,0.066359
0.171186,0.066397
0.171278,0.066436
0.171371,0.066474
0.171463,0.066512
0.171555,0.06655
0.171648,0.066588
0.17174,0.066626
0.171833,0.066664
0.171925,0.066702
0.172018,0.06674
0.17211,0.066778
0.172203,0.066816
0.172295,0.066854
0.172388,0.066892
0.17248,0.06693
0.172573,0.066968
0.172665,0.067006
0.172758,0.067044
0.17285,0.067082
0.172943,0.06712
0.173035,0.067158
0.173128,0.067196
0.17322,0.067234
0.173313,0.067272
0.173406,0.06731
0.173498,0.067347
0.173591,0.067385
0.173683,0.067423
0.173776,0.067461
0.173868,0.067499
0.173961,0.067537
0.174054,0.067574
0.174146,0.067612
0.174239,0.06765
0.174331,0.067688
0.174424,0.067726
0.174516,0.067763
0.174609,0.067801
0.174702,0.067839
0.174794,0.067876
0.174887,0.067914
0.17498,0.067952
0.175072,0.067989
0.175165,0.068027
0.175257,0.068065
0.17535,0.068102
0.175443,0.06814
0.175535,0.068178
0.175628,0.068215
0.175721,0.068253
0.175813,0.06829
0.175906,0.068328
0.175999,0.068366
0.176091,0.068403
0.176184,0.068441
0.176277,0.068478
0.17637,0.068516
0.176462,0.068553
0.176555,0.068591
0.176648,0.068628
0.17674,0.068666
0.176833,0.068703
0.176926,0.068741
0.177018,0.068778
0.177111,0.068816
0.177204,0.068853
0.177297,0.06889
0.177389,0.068928
0.177482,0.068965
0.177575,0.069003
0.177668,0.06904
0.17776,0.069077
0.177853,0.069115
0.177946,0.069152
0.178039,0.069189
0.178132,0.069227
0.178224,0.069264
0.178317,0.069301
0.17841,0.069338
0.178503,0.069376
0.178596,0.069413
0.178688,0.06945
0.178781,0.069487
0.178874,0.069525
0.178967,0.069562
0.17906,0.069599
0.179152,0.069636
0.179245,0.069673
0.179338,0.069711
0.179431,0.069748
0.179524,0.069785
0.179617,0.069822
0.179709,0.069859
0.179802,0.069896
0.179895,0.069933
0.179988,0.06997
0.180081,0.070008
0.180174,0.070045
0.180267,0.070082
0.18036,0.070119
0.180452,0.070156
0.180545,0.070193
0.180638,0.07023
0.180731,0.070267
0.180824,0.070304
0.180917,0.070341
0.18101,0.070378
0.181103,0.070415
0.181196,0.070452
0.181289,0.070488
0.181382,0.070525
0.181475,0.070562
0.181567,0.070599
0.18166,0.070636
0.181753,0.070673
0.181846,0.07071
0.181939,0.070747
0.182032,0.070784
0.182125,0.07082
0.182218,0.070857
0.182311,0.070894
0.182404,0.070931
0.182497,0.070968
0.18259,0.071004
0.182683,0.071041
0.182776,0.071078
0.182869,0.071115
0.182962,0.071151
0.183055,0.071188
0.183148,0.071225
0.183241,0.071262
0.183334,0.071298
0.183427,0.071335
0.18352,0.071372
0.183613,0.071408
0.183706,0.071445
0.183799,0.071481
0.183893,0.071518
0.183986,0.071555
0.184079,0.071591
0.184172,0.071628
0.184265,0.071664
0.184358,0.071701
0.184451,0.071738
0.184544,0.071774
0.184637,0.071811
0.18473,0.071847
0.184823,0.071884
0.184916,0.07192
0.185009,0.071957
0.185103,0.071993
0.185196,0.07203
0.185289,0.072066
0.185382,0.072103
0.185475,0.072139
0.185568,0.072175
0.185661,0.072212
0.185754,0.072248
0.185848,0.072285
0.185941,0.072321
0.186034,0.072357
0.186127,0.072394
0.18622,0.07243
0.186313,0.072466
0.186407,0.072503
0.1865,0.072539
0.186593,0.072575
0.186686,0.072612
0.186779,0.072648
0.186872,0.072684
0.186966,0.07272
0.187059,0.072757
0.187152,0.072793
0.187245,0.072829
0.187338,0.072865
0.187432,0.072902
0.187525,0.072938
0.187618,0.072974
0.187711,0.07301
0.187805,0.073046
0.187898,0.073082
0.187991,0.073119
0.188084,0.073155
0.188178,0.073191
0.188271,0.073227
0.188364,0.073263
0.188457,0.073299
0.188551,0.073335
0.188644,0.073371
0.188737,0.073407
0.18883,0.073443
0.188924,0.073479
0.189017,0.073515
0.18911,0.073551
0.189204,0.073587
0.189297,0.073623
0.18939,0.073659
0.189484,0.073695
0.189577,0.073731
0.18967,0.073767
0.189764,0.073803
0.189857,0.073839
0.18995,0.073875
0.190044,0.073911
0.190137,0.073947
0.19023,0.073983
0.190324,0.074018
0.190417,0.074054
0.19051,0.07409
0.190604,0.074126
0.190697,0.074162
0.19079,0.074198
0.190884,0.074233
0.190977,0.074269
0.19107,0.074305
0.191164,0.074341
0.191257,0.074376
0.191351,0.074412
0.191444,0.074448
0.191537,0.074484
0.191631,0.074519
0.191724,0.074555
0.191818,0.074591
0.191911,0.074626
0.192005,0.074662
0.192098,0.074698
0.192191,0.074733
0.192285,0.074769
0.192378,0.074805
0.192472,0.07484
0.192565,0.074876
0.192659,0.074911
0.192752,0.074947
0.192846,0.074983
0.192939,0.075018
0.193032,0.075054
0.193126,0.075089
0.193219,0.075125
0.193313,0.07516
0.193406,0.075196
0.1935,0.075231
0.193593,0.075267
0.193687,0.075302
0.19378,0.075338
0.193874,0.075373
0.193967,0.075408
0.194061,0.075444
0.194154,0.075479
0.194248,0.075515
0.194341,0.07555
0.194435,0.075585
0.194529,0.075621
0.194622,0.075656
0.194716,0.075692
0.194809,0.075727
0.194903,0.075762
0.194996,0.075798
0.19509,0.075833
0.195183,0.075868
0.195277,0.075903
0.195371,0.075939
0.195464,0.075974
0.195558,0.076009
0.195651,0.076044
0.195745,0.07608
0.195839,0.076115
0.195932,0.07615
0.196026,0.076185
0.196119,0.07622
0.196213,0.076256
0.196307,0.076291
0.1964,0.076326
0.196494,0.076361
0.196587,0.076396
0.196681,0.076431
0.196775,0.076466
0.196868,0.076501
0.196962,0.076537
0.197056,0.076572
0.197149,0.076607
0.197243,0.076642
0.197337,0.076677
0.19743,0.076712
0.197524,0.076747
0.197618,0.076782
0.197711,0.076817
0.197805,0.076852
0.197899,0.076887
0.197992,0.076922
0.198086,0.076957
0.19818,0.076992
0.198273,0.077027
0.198367,0.077061
0.198461,0.077096
0.198555,0.077131
0.198648,0.077166
0.198742,0.077201
0.198836,0.077236
0.198929,0.077271
0.199023,0.077306
0.199117,0.07734
0.199211,0.077375
0.199304,0.07741
0.199398,0.077445
0.199492,0.07748
0.199586,0.077514
0.199679,0.077549
0.199773,0.077584
0.199867,0.077619
0.199961,0.077653
0.200055,0.077688
0.200148,0.077723
0.200242,0.077758
0.200336,0.077792
0.20043,0.077827
0.200523,0.077862
0.200617,0.077896
0.200711,0.077931
0.200805,0.077966
0.200899,0.078
0.200993,0.078035
0.201086,0.078069
0.20118,0.078104
0.201274,0.078139
0.201368,0.078173
0.201462,0.078208
0.201556,0.078242
0.201649,0.078277
0.201743,0.078311
0.201837,0.078346
0.201931,0.07838
0.202025,0.078415
0.202119,0.078449
0.202213,0.078484
0.202306,0.078518
0.2024,0.078553
0.202494,0.078587
0.202588,0.078622
0.202682,0.078656
0.202776,0.07869
0.20287,0.078725
0.202964,0.078759
0.203058,0.078794
0.203151,0.078828
0.203245,0.078862
0.203339,0.078897
0.203433,0.078931
0.203527,0.078965
0.203621,0.079
0.203715,0.079034
0.203809,0.079068
0.203903,0.079102
0.203997,0.079137
0.204091,0.079171
0.204185,0.079205
0.204279,0.079239
0.204373,0.079274
0.204467,0.079308
0.204561,0.079342
0.204655,0.079376
0.204749,0.07941
0.204843,0.079445
0.204936,0.079479
0.20503,0.079513
0.205124,0.079547
0.205218,0.079581
0.205312,0.079615
0.205406,0.079649
0.2055,0.079683
0.205595,0.079718
0.205689,0.079752
0.205783,0.079786
0.205877,0.07982
0.205971,0.079854
0.206065,0.079888
0.206159,0.079922
0.206253,0.079956
0.206347,0.07999
0.206441,0.080024
0.206535,0.080058
0.206629,0.080092
0.206723,0.080126
0.206817,0.08016
0.206911,0.080193
0.207005,0.080227
0.207099,0.080261
0.207193,0.080295
0.207287,0.080329
0.207382,0.080363
0.207476,0.080397
0.20757,0.080431
0.207664,0.080465
0.207758,0.080498
0.207852,0.080532
0.207946,0.080566
0.20804,0.0806
0.208134,0.080634
0.208228,0.080667
0.208323,0.080701
0.208417,0.080735
0.208511,0.080769
0.208605,0.080802
0.208699,0.080836
0.208793,0.08087
0.208887,0.080903
0.208982,0.080937
0.209076,0.080971
0.20917,0.081005
0.209264,0.081038
0.209358,0.081072
0.209452,0.081105
0.209547,0.081139
0.209641,0.081173
0.209735,0.081206
0.209829,0.08124
0.209923,0.081273
0.210018,0.081307
0.210112,0.081341
0.210206,0.081374
0.2103,0.081408
0.210394,0.081441
0.210489,0.081475
0.210583,0.081508
0.210677,0.081542
0.210771,0.081575
0.210865,0.081609
0.21096,0.081642
0.211054,0.081676
0.211148,0.081709
0.211242,0.081743
0.211337,0.081776
0.211431,0.081809
0.211525,0.081843
0.211619,0.081876
0.211714,0.081909
0.211808,0.081943
0.211902,0.081976
0.211997,0.08201
0.212091,0.082043
0.212185,0.082076
0.212279,0.08211
0.212374,0.082143
0.212468,0.082176
0.212562,0.082209
0.212657,0.082243
0.212751,0.082276
0.212845,0.082309
0.21294,0.082342
0.213034,0.082376
0.213128,0.082409
0.213223,0.082442
0.213317,0.082475
0.213411,0.082508
0.213506,0.082542
0.2136,0.082575
0.213694,0.082608
0.213789,0.082641
0.213883,0.082674
0.213977,0.082707
0.214072,0.08274
0.214166,0.082774
0.21426,0.082807
0.214355,0.08284
0.214449,0.082873
0.214543,0.082906
0.214638,0.082939
0.214732,0.082972
0.214827,0.083005
0.214921,0.083038
0.215015,0.083071
0.21511,0.083104
0.215204,0.083137
0.215299,0.08317
0.215393,0.083203
0.215487,0.083236
0.215582,0.083269
0.215676,0.083302
0.215771,0.083334
0.215865,0.083367
0.21596,0.0834
0.216054,0.083433
0.216148,0.083466
0.216243,0.083499
0.216337,0.083532
0.216432,0.083565
0.216526,0.083597
0.216621,0.08363
0.216715,0.083663
0.21681,0.083696
0.216904,0.083729
0.216999,0.083761
0.217093,0.083794
0.217188,0.083827
0.217282,0.08386
0.217377,0.083892
0.217471,0.083925
0.217566,0.083958
0.21766,0.08399
0.217755,0.084023
0.217849,0.084056
0.217944,0.084089
0.218038,0.084121
0.218133,0.084154
0.218227,0.084186
0.218322,0.084219
0.218416,0.084252
0.218511,0.084284
0.218605,0.084317
0.2187,0.084349
0.218794,0.084382
0.218889,0.084415
0.218984,0.084447
0.219078,0.08448
0.219173,0.084512
0.219267,0.084545
0.219362,0.084577
0.219456,0.08461
0.219551,0.084642
0.219646,0.084675
0.21974,0.084707
0.219835,0.08474
0.219929,0.084772
0.220024,0.084804
0.220118,0.084837
0.220213,0.084869
0.220308,0.084902
0.220402,0.084934
0.220497,0.084966
0.220592,0.084999
0.220686,0.085031
0.220781,0.085064
0.220875,0.085096
0.22097,0.085128
0.221065,0.08516
0.221159,0.085193
0.221254,0.085225
0.221349,0.085257
0.221443,0.08529
0.221538,0.085322
0.221633,0.085354
0.221727,0.085386
0.221822,0.085419
0.221917,0.085451
0.222011,0.085483
0.222106,0.085515
0.222201,0.085547
0.222295,0.08558
0.22239,0.085612
0.222485,0.085644
0.222579,0.085676
0.222674,0.085708
0.222769,0.08574
0.222863,0.085772
0.222958,0.085804
0.223053,0.085837
0.223148,0.085869
0.223242,0.085901
0.223337,0.085933
0.223432,0.085965
0.223526,0.085997
0.223621,0.086029
0.223716,0.086061
0.223811,0.086093
0.223905,0.086125
0.224,0.086157
0.224095,0.086189
0.22419,0.086221
0.224284,0.086253
0.224379,0.086285
0.224474,0.086317
0.224569,0.086349
0.224664,0.08638
0.224758,0.086412
0.224853,0.086444
0.224948,0.086476
0.225043,0.086508
0.225137,0.08654
0.225232,0.086572
0.225327,0.086603
0.225422,0.086635
0.225517,0.086667
0.225611,0.086699
0.225706,0.086731
0.225801,0.086762
0.225896,0.086794
0.225991,0.086826
0.226086,0.086858
0.22618,0.086889
0.226275,0.086921
0.22637,0.086953
0.226465,0.086985
0.22656,0.087016
0.226655,0.087048
0.226749,0.08708
0.226844,0.087111
0.226939,0.087143
0.227034,0.087175
0.227129,0.087206
0.227224,0.087238
0.227319,0.087269
0.227414,0.087301
0.227508,0.087333
0.227603,0.087364
0.227698,0.087396
0.227793,0.087427
0.227888,0.087459
0.227983,0.08749
0.228078,0.087522
0.228173,0.087553
0.228268,0.087585
0.228362,0.087616
0.228457,0.087648
0.228552,0.087679
0.228647,0.087711
0.228742,0.087742
0.228837,0.087774
0.228932,0.087805
0.229027,0.087837
0.229122,0.087868
0.229217,0.087899
0.229312,0.087931
0.229407,0.087962
0.229502,0.087993
0.229597,0.088025
0.229692,0.088056
0.229787,0.088087
0.229882,0.088119
0.229977,0.08815
0.230072,0.088181
0.230166,0.088213
0.230261,0.088244
0.230356,0.088275
0.230451,0.088307
0.230546,0.088338
0.230641,0.088369
0.230736,0.0884
0.230831,0.088431
0.230926,0.088463
0.231021,0.088494
0.231116,0.088525
0.231211,0.088556
0.231307,0.088587
0.231402,0.088618
0.231497,0.08865
0.231592,0.088681
0.231687,0.088712
0.231782,0.088743
0.231877,0.088774
0.231972,0.088805
0.232067,0.088836
0.232162,0.088867
0.232257,0.088898
0.232352,0.088929
0.232447,0.08896
0.232542,0.088991
0.232637,0.089022
0.232732,0.089053
0.232827,0.089084
0.232922,0.089115
0.233017,0.089146
0.233113,0.089177
0.233208,0.089208
0.233303,0.089239
0.233398,0.08927
0.233493,0.089301
0.233588,0.089332
0.233683,0.089363
0.233778,0.089394
0.233873,0.089425
0.233969,0.089456
0.234064,0.089486
0.234159,0.089517
0.234254,0.089548
0.234349,0.089579
0.234444,0.08961
0.234539,0.08964
0.234634,0.089671
0.23473,0.089702
0.234825,0.089733
0.23492,0.089764
0.235015,0.089794
0.23511,0.089825
0.235205,0.089856
0.235301,0.089887
0.235396,0.089917
0.235491,0.089948
0.235586,0.089979
0.235681,0.090009
0.235776,0.09004
0.235872,0.090071
0.235967,0.090101
0.236062,0.090132
0.236157,0.090162
0.236252,0.090193
0.236348,0.090224
0.236443,0.090254
0.236538,0.090285
0.236633,0.090315
0.236728,0.090346
0.236824,0.090377
0.236919,0.090407
0.237014,0.090438
0.237109,0.090468
0.237205,0.090499
0.2373,0.090529
0.237395,0.09056
0.23749,0.09059
0.237586,0.090621
0.237681,0.090651
0.237776,0.090681
0.237871,0.090712
0.237967,0.090742
0.238062,0.090773
0.238157,0.090803
0.238252,0.090833
0.238348,0.090864
0.238443,0.090894
0.238538,0.090925
0.238633,0.090955
0.238729,0.090985
0.238824,0.091016
0.238919,0.091046
0.239015,0.091076
0.23911,0.091106
0.239205,0.091137
0.239301,0.091167
0.239396,0.091197
0.239491,0.091228
0.239586,0.091258
0.239682,0.091288
0.239777,0.091318
0.239872,0.091348
0.239968,0.091379
0.240063,0.091409
0.240158,0.091439
0.240254,0.091469
0.240349,0.091499
0.240445,0.091529
0.24054,0.09156
0.240635,0.09159
0.240731,0.09162
0.240826,0.09165
0.240921,0.09168
0.241017,0.09171
0.241112,0.09174
0.241207,0.09177
0.241303,0.0918
0.241398,0.09183
0.241494,0.09186
0.241589,0.09189
0.241684,0.09192
0.24178,0.09195
0.241875,0.09198
0.241971,0.09201
0.242066,0.09204
0.242161,0.09207
0.242257,0.0921
0.242352,0.09213
0.242448,0.09216
0.242543,0.09219
0.242638,0.09222
0.242734,0.09225
0.242829,0.09228
0.242925,0.09231
0.24302,0.092339
0.243116,0.092369
0.243211,0.092399
0.243306,0.092429
0.243402,0.092459
0.243497,0.092489
0.243593,0.092518
0.243688,0.092548
0.243784,0.092578
0.243879,0.092608
0.243975,0.092638
0.24407,0.092667
0.244166,0.092697
0.244261,0.092727
0.244357,0.092756
0.244452,0.092786
0.244548,0.092816
0.244643,0.092846
0.244739,0.092875
0.244834,0.092905
0.24493,0.092935
0.245025,0.092964
0.245121,0.092994
0.245216,0.093023
0.245312,0.093053
0.245407,0.093083
0.245503,0.093112
0.245598,0.093142
0.245694,0.093171
0.245789,0.093201
0.245885,0.09323
0.24598,0.09326
0.246076,0.09329
0.246171,0.093319
0.246267,0.093349
0.246362,0.093378
0.246458,0.093408
0.246554,0.093437
0.246649,0.093466
0.246745,0.093496
0.24684,0.093525
0.246936,0.093555
0.247031,0.093584
0.247127,0.093614
0.247223,0.093643
0.247318,0.093672
0.247414,0.093702
0.247509,0.093731
0.247605,0.093761
0.247701,0.09379
0.247796,0.093819
0.247892,0.093849
0.247987,0.093878
0.248083,0.093907
0.248179,0.093936
0.248274,0.093966
0.24837,0.093995
0.248465,0.094024
0.248561,0.094054
0.248657,0.094083
0.248752,0.094112
0.248848,0.094141
0.248944,0.09417
0.249039,0.0942
0.249135,0.094229
0.249231,0.094258
0.249326,0.094287
0.249422,0.094316
0.249517,0.094346
0.249613,0.094375
0.249709,0.094404
0.249804,0.094433
0.2499,0.094462
0.249996,0.094491
0.250091,0.09452
0.250187,0.094549
0.250283,0.094578
0.250379,0.094607
0.250474,0.094636
0.25057,0.094665
0.250666,0.094695
0.250761,0.094724
0.250857,0.094753
0.250953,0.094782
0.251048,0.094811
0.251144,0.094839
0.25124,0.094868
0.251336,0.094897
0.251431,0.094926
0.251527,0.094955
0.251623,0.094984
0.251718,0.095013
0.251814,0.095042
0.25191,0.095071
0.252006,0.0951
0.252101,0.095129
0.252197,0.095158
0.252293,0.095186
0.252389,0.095215
0.252484,0.095244
0.25258,0.095273
0.252676,0.095302
0.252772,0.09533
0.252867,0.095359
0.252963,0.095388
0.253059,0.095417
0.253155,0.095446
0.253251,0.095474
0.253346,0.095503
0.253442,0.095532
0.253538,0.09556
0.253634,0.095589
0.25373,0.095618
0.253825,0.095647
0.253921,0.095675
0.254017,0.095704
0.254113,0.095733
0.254209,0.095761
0.254304,0.09579
0.2544,0.095818
0.254496,0.095847
0.254592,0.095876
0.254688,0.095904
0.254783,0.095933
0.254879,0.095961
0.254975,0.09599
0.255071,0.096018
0.255167,0.096047
0.255263,0.096076
0.255359,0.096104
0.255454,0.096133
0.25555,0.096161
0.255646,0.09619
0.255742,0.096218
0.255838,0.096246
0.255934,0.096275
0.25603,0.096303
0.256125,0.096332
0.256221,0.09636
0.256317,0.096389
0.256413,0.096417
0.256509,0.096445
0.256605,0.096474
0.256701,0.096502
0.256797,0.096531
0.256892,0.096559
0.256988,0.096587
0.257084,0.096616
0.25718,0.096644
0.257276,0.096672
0.257372,0.0967
0.257468,0.096729
0.257564,0.096757
0.25766,0.096785
0.257756,0.096814
0.257852,0.096842
0.257948,0.09687
0.258044,0.096898
0.258139,0.096926
0.258235,0.096955
0.258331,0.096983
0.258427,0.097011
0.258523,0.097039
0.258619,0.097067
0.258715,0.097096
0.258811,0.097124
0.258907,0.097152
0.259003,0.09718
0.259099,0.097208
0.259195,0.097236
0.259291,0.097264
0.259387,0.097292
0.259483,0.09732
0.259579,0.097348
0.259675,0.097377
0.259771,0.097405
0.259867,0.097433
0.259963,0.097461
0.260059,0.097489
0.260155,0.097517
0.260251,0.097545
0.260347,0.097573
0.260443,0.097601
0.260539,0.097629
0.260635,0.097656
0.260731,0.097684
0.260827,0.097712
0.260923,0.09774
0.261019,0.097768
0.261115,0.097796
0.261211,0.097824
0.261307,0.097852
0.261403,0.09788
0.261499,0.097908
0.261595,0.097935
0.261691,0.097963
0.261787,0.097991
0.261883,0.098019
0.261979,0.098047
0.262075,0.098074
0.262172,0.098102
0.262268,0.09813
0.262364,0.098158
0.26246,0.098185
0.262556,0.098213
0.262652,0.098241
0.262748,0.098269
0.262844,0.098296
0.26294,0.098324
0.263036,0.098352
0.263132,0.098379
0.263228,0.098407
0.263325,0.098435
0.263421,0.098462
0.263517,0.09849
0.263613,0.098518
0.263709,0.098545
0.263805,0.098573
0.263901,0.0986
0.263997,0.098628
0.264093,0.098656
0.26419,0.098683
0.264286,0.098711
0.264382,0.098738
0.264478,0.098766
0.264574,0.098793
0.26467,0.098821
0.264766,0.098848
0.264863,0.098876
0.264959,0.098903
0.265055,0.098931
0.265151,0.098958
0.265247,0.098986
0.265343,0.099013
0.265439,0.099041
0.265536,0.099068
0.265632,0.099095
0.265728,0.099123
0.265824,0.09915
0.26592,0.099178
0.266016,0.099205
0.266113,0.099232
0.266209,0.09926
0.266305,0.099287
0.266401,0.099314
0.266497,0.099342
0.266594,0.099369
0.26669,0.099396
0.266786,0.099424
0.266882,0.099451
0.266978,0.099478
0.267075,0.099505
0.267171,0.099533
0.267267,0.09956
0.267363,0.099587
0.26746,0.099614
0.267556,0.099642
0.267652,0.099669
0.267748,0.099696
0.267844,0.099723
0.267941,0.09975
0.268037,0.099777
0.268133,0.099805
0.268229,0.099832
0.268326,0.099859
0.268422,0.099886
0.268518,0.099913
0.268614,0.09994
0.268711,0.099967
0.268807,0.099994
0.268903,0.100021
0.269,0.100048
0.269096,0.100075
0.269192,0.100102
0.269288,0.100129
0.269385,0.100156
0.269481,0.100183
0.269577,0.10021
0.269674,0.100237
0.26977,0.100264
0.269866,0.100291
0.269962,0.100318
0.270059,0.100345
0.270155,0.100372
0.270251,0.100399
0.270348,0.100426
0.270444,0.100453
0.27054,0.10048
0.270637,0.100507
0.270733,0.100534
0.270829,0.10056
0.270926,0.100587
0.271022,0.100614
0.271118,0.100641
0.271215,0.100668
0.271311,0.100695
0.271407,0.100721
0.271504,0.100748
0.2716,0.100775
0.271696,0.100802
0.271793,0.100828
0.271889,0.100855
0.271985,0.100882
0.272082,0.100909
0.272178,0.100935
0.272274,0.100962
0.272371,0.100989
0.272467,0.101015
0.272564,0.101042
0.27266,0.101069
0.272756,0.101095
0.272853,0.101122
0.272949,0.101149
0.273046,0.101175
0.273142,0.101202
0.273238,0.101229
0.273335,0.101255
0.273431,0.101282
0.273528,0.101308
0.273624,0.101335
0.27372,0.101361
0.273817,0.101388
0.273913,0.101414
0.27401,0.101441
0.274106,0.101467
0.274202,0.101494
0.274299,0.10152
0.274395,0.101547
0.274492,0.101573
0.274588,0.1016
0.274685,0.101626
0.274781,0.101653
0.274878,0.101679
0.274974,0.101706
0.27507,0.101732
0.275167,0.101758
0.275263,0.101785
0.27536,0.101811
0.275456,0.101838
0.275553,0.101864
0.275649,0.10189
0.275746,0.101917
0.275842,0.101943
0.275939,0.101969
0.276035,0.101996
0.276132,0.102022
0.276228,0.102048
0.276325,0.102074
0.276421,0.102101
0.276517,0.102127
0.276614,0.102153
0.27671,0.102179
0.276807,0.102206
0.276903,0.102232
0.277,0.102258
0.277097,0.102284
0.277193,0.10231
0.27729,0.102337
0.277386,0.102363
0.277483,0.102389
0.277579,0.102415
0.277676,0.102441
0.277772,0.102467
0.277869,0.102493
0.277965,0.10252
0.278062,0.102546
0.278158,0.102572
0.278255,0.102598
0.278351,0.102624
0.278448,0.10265
0.278544,0.102676
0.278641,0.102702
0.278738,0.102728
0.278834,0.102754
0.278931,0.10278
0.279027,0.102806
0.279124,0.102832
0.27922,0.102858
0.279317,0.102884
0.279414,0.10291
0.27951,0.102936
0.279607,0.102962
0.279703,0.102988
0.2798,0.103014
0.279896,0.103039
0.279993,0.103065
0.28009,0.103091
0.280186,0.103117
0.280283,0.103143
0.280379,0.103169
0.280476,0.103195
0.280573,0.10322
0.280669,0.103246
0.280766,0.103272
0.280862,0.103298
0.280959,0.103324
0.281056,0.103349
0.281152,0.103375
0.281249,0.103401
0.281346,0.103427
0.281442,0.103452
0.281539,0.103478
0.281635,0.103504
0.281732,0.10353
0.281829,0.103555
0.281925,0.103581
0.282022,0.103607
0.282119,0.103632
0.282215,0.103658
0.282312,0.103684
0.282409,0.103709
0.282505,0.103735
0.282602,0.103761
0.282699,0.103786
0.282795,0.103812
0.282892,0.103837
0.282989,0.103863
0.283085,0.103888
0.283182,0.103914
0.283279,0.10394
0.283375,0.103965
0.283472,0.103991
0.283569,0.104016
0.283665,0.104042
0.283762,0.104067
0.283859,0.104093
0.283956,0.104118
0.284052,0.104144
0.284149,0.104169
0.284246,0.104194
0.284342,0.10422
0.284439,0.104245
0.284536,0.104271
0.284633,0.104296
0.284729,0.104322
0.284826,0.104347
0.284923,0.104372
0.285019,0.104398
0.285116,0.104423
0.285213,0.104448
0.28531,0.104474
0.285406,0.104499
0.285503,0.104524
0.2856,0.10455
0.285697,0.104575
0.285793,0.1046
0.28589,0.104625
0.285987,0.104651
0.286084,0.104676
0.28618,0.104701
0.286277,0.104726
0.286374,0.104752
0.286471,0.104777
0.286567,0.104802
0.286664,0.104827
0.286761,0.104852
0.286858,0.104878
0.286955,0.104903
0.287051,0.104928
0.287148,0.104953
0.287245,0.104978
0.287342,0.105003
0.287439,0.105028
0.287535,0.105054
0.287632,0.105079
0.287729,0.105104
0.287826,0.105129
0.287923,0.105154
0.288019,0.105179
0.288116,0.105204
0.288213,0.105229
0.28831,0.105254
0.288407,0.105279
0.288503,0.105304
0.2886,0.105329
0.288697,0.105354
0.288794,0.105379
0.288891,0.105404
0.288988,0.105429
0.289084,0.105454
0.289181,0.105479
0.289278,0.105504
0.289375,0.105529
0.289472,0.105553
0.289569,0.105578
0.289666,0.105603
0.289762,0.105628
0.289859,0.105653
0.289956,0.105678
0.290053,0.105703
0.29015,0.105728
0.290247,0.105752
0.290344,0.105777
0.290441,0.105802
0.290537,0.105827
0.290634,0.105852
0.290731,0.105876
0.290828,0.105901
0.290925,0.105926
0.291022,0.105951
0.291119,0.105975
0.291216,0.106
0.291313,0.106025
0.291409,0.106049
0.291506,0.106074
0.291603,0.106099
0.2917,0.106123
0.291797,0.106148
0.291894,0.106173
0.291991,0.106197
0.292088,0.106222
0.292185,0.106247
0.292282,0.106271
0.292379,0.106296
0.292475,0.10632
0.292572,0.106345
0.292669,0.10637
0.292766,0.106394
0.292863,0.106419
0.29296,0.106443
0.293057,0.106468
0.293154,0.106492
0.293251,0.106517
0.293348,0.106541
0.293445,0.106566
0.293542,0.10659
0.293639,0.106615
0.293736,0.106639
0.293833,0.106664
0.29393,0.106688
0.294027,0.106713
0.294124,0.106737
0.294221,0.106761
0.294318,0.106786
0.294415,0.10681
0.294512,0.106834
0.294609,0.106859
0.294706,0.106883
0.294803,0.106908
0.2949,0.106932
0.294997,0.106956
0.295094,0.106981
0.295191,0.107005
0.295288,0.107029
0.295385,0.107053
0.295482,0.107078
0.295579,0.107102
0.295676,0.107126
0.295773,0.107151
0.29587,0.107175
0.295967,0.107199
0.296064,0.107223
0.296161,0.107247
0.296258,0.107272
0.296355,0.107296
0.296452,0.10732
0.296549,0.107344
0.296646,0.107368
0.296743,0.107392
0.29684,0.107417
0.296937,0.107441
0.297034,0.107465
0.297131,0.107489
0.297228,0.107513
0.297325,0.107537
0.297422,0.107561
0.297519,0.107585
0.297616,0.107609
0.297713,0.107633
0.29781,0.107657
0.297908,0.107681
0.298005,0.107705
0.298102,0.10773
0.298199,0.107754
0.298296,0.107777
0.298393,0.107801
0.29849,0.107825
0.298587,0.107849
0.298684,0.107873
0.298781,0.107897
0.298878,0.107921
0.298975,0.107945
0.299073,0.107969
0.29917,0.107993
0.299267,0.108017
0.299364,0.108041
0.299461,0.108065
0.299558,0.108088
0.299655,0.108112
0.299752,0.108136
0.299849,0.10816
0.299947,0.108184
0.300044,0.108208
0.300141,0.108231
0.300238,0.108255
0.300335,0.108279
0.300432,0.108303
0.300529,0.108327
0.300627,0.10835
0.300724,0.108374
0.300821,0.108398
0.300918,0.108421
0.301015,0.108445
0.301112,0.108469
0.301209,0.108493
0.301307,0.108516
0.301404,0.10854
0.301501,0.108564
0.301598,0.108587
0.301695,0.108611
0.301792,0.108635
0.30189,0.108658
0.301987,0.108682
0.302084,0.108705
0.302181,0.108729
0.302278,0.108753
0.302375,0.108776
0.302473,0.1088
0.30257,0.108823
0.302667,0.108847
0.302764,0.10887
0.302861,0.108894
0.302959,0.108917
0.303056,0.108941
0.303153,0.108964
0.30325,0.108988
0.303347,0.109011
0.303445,0.109035
0.303542,0.109058
0.303639,0.109082
0.303736,0.109105
0.303833,0.109128
0.303931,0.109152
0.304028,0.109175
0.304125,0.109199
0.304222,0.109222
0.30432,0.109245
0.304417,0.109269
0.304514,0.109292
0.304611,0.109316
0.304709,0.109339
0.304806,0.109362
0.304903,0.109385
0.305,0.109409
0.305098,0.109432
0.305195,0.109455
0.305292,0.109479
0.305389,0.109502
0.305487,0.109525
0.305584,0.109548
0.305681,0.109572
0.305778,0.109595
0.305876,0.109618
0.305973,0.109641
0.30607,0.109664
0.306167,0.109688
0.306265,0.109711
0.306362,0.109734
0.306459,0.109757
0.306557,0.10978
0.306654,0.109803
0.306751,0.109827
0.306848,0.10985
0.306946,0.109873
0.307043,0.109896
0.30714,0.109919
0.307238,0.109942
0.307335,0.109965
0.307432,0.109988
0.307529,0.110011
0.307627,0.110034
0.307724,0.110057
0.307821,0.11008
0.307919,0.110103
0.308016,0.110126
0.308113,0.110149
0.308211,0.110172
0.308308,0.110195
0.308405,0.110218
0.308503,0.110241
0.3086,0.110264
0.308697,0.110287
0.308795,0.11031
0.308892,0.110333
0.308989,0.110356
0.309087,0.110379
0.309184,0.110402
0.309281,0.110424
0.309379,0.110447
0.309476,0.11047
0.309573,0.110493
0.309671,0.110516
0.309768,0.110539
0.309866,0.110561
0.309963,0.110584
0.31006,0.110607
0.310158,0.11063
0.310255,0.110653
0.310352,0.110675
0.31045,0.110698
0.310547,0.110721
0.310645,0.110744
0.310742,0.110766
0.310839,0.110789
0.310937,0.110812
0.311034,0.110834
0.311132,0.110857
0.311229,0.11088
0.311326,0.110902
0.311424,0.110925
0.311521,0.110948
0.311619,0.11097
0.311716,0.110993
0.311813,0.111016
0.311911,0.111038
0.312008,0.111061
0.312106,0.111083
0.312203,0.111106
0.3123,0.111128
0.312398,0.111151
0.312495,0.111174
0.312593,0.111196
0.31269,0.111219
0.312788,0.111241
0.312885,0.111264
0.312982,0.111286
0.31308,0.111309
0.313177,0.111331
0.313275,0.111354
0.313372,0.111376
0.31347,0.111398
0.313567,0.111421
0.313665,0.111443
0.313762,0.111466
0.313859,0.111488
0.313957,0.111511
0.314054,0.111533
0.314152,0.111555
0.314249,0.111578
0.314347,0.1116
0.314444,0.111622
0.314542,0.111645
0.314639,0.111667
0.314737,0.111689
0.314834,0.111712
0.314932,0.111734
0.315029,0.111756
0.315127,0.111779
0.315224,0.111801
0.315322,0.111823
0.315419,0.111845
0.315517,0.111868
0.315614,0.11189
0.315712,0.111912
0.315809,0.111934
0.315907,0.111956
0.316004,0.111979
0.316102,0.112001
0.316199,0.112023
0.316297,0.112045
0.316394,0.112067
0.316492,0.112089
0.316589,0.112112
0.316687,0.112134
0.316784,0.112156
0.316882,0.112178
0.316979,0.1122
0.317077,0.112222
0.317174,0.112244
0.317272,0.112266
0.317369,0.112288
0.317467,0.11231
0.317565,0.112332
0.317662,0.112354
0.31776,0.112376
0.317857,0.112398
0.317955,0.11242
0.318052,0.112442
0.31815,0.112464
0.318247,0.112486
0.318345,0.112508
0.318442,0.11253
0.31854,0.112552
0.318638,0.112574
0.318735,0.112596
0.318833,0.112618
0.31893,0.11264
0.319028,0.112662
0.319125,0.112684
0.319223,0.112705
0.319321,0.112727
0.319418,0.112749
0.319516,0.112771
0.319613,0.112793
0.319711,0.112815
0.319809,0.112836
0.319906,0.112858
0.320004,0.11288
0.320101,0.112902
0.320199,0.112924
0.320297,0.112945
0.320394,0.112967
0.320492,0.112989
0.320589,0.113011
0.320687,0.113032
0.320785,0.113054
0.320882,0.113076
0.32098,0.113097
0.321077,0.113119
0.321175,0.113141
0.321273,0.113162
0.32137,0.113184
0.321468,0.113206
0.321566,0.113227
0.321663,0.113249
0.321761,0.113271
0.321859,0.113292
0.321956,0.113314
0.322054,0.113335
0.322151,0.113357
0.322249,0.113378
0.322347,0.1134
0.322444,0.113422
0.322542,0.113443
0.32264,0.113465
0.322737,0.113486
0.322835,0.113508
0.322933,0.113529
0.32303,0.113551
0.323128,0.113572
0.323226,0.113594
0.323323,0.113615
0.323421,0.113637
0.323519,0.113658
0.323616,0.113679
0.323714,0.113701
0.323812,0.113722
0.323909,0.113744
0.324007,0.113765
0.324105,0.113786
0.324202,0.113808
0.3243,0.113829
0.324398,0.11385
0.324496,0.113872
0.324593,0.113893
0.324691,0.113914
0.324789,0.113936
0.324886,0.113957
0.324984,0.113978
0.325082,0.114
0.32518,0.114021
0.325277,0.114042
0.325375,0.114063
0.325473,0.114085
0.32557,0.114106
0.325668,0.114127
0.325766,0.114148
0.325864,0.11417
0.325961,0.114191
0.326059,0.114212
0.326157,0.114233
0.326254,0.114254
0.326352,0.114275
0.32645,0.114297
0.326548,0.114318
0.326645,0.114339
0.326743,0.11436
0.326841,0.114381
0.326939,0.114402
0.327036,0.114423
0.327134,0.114444
0.327232,0.114465
0.32733,0.114486
0.327427,0.114508
0.327525,0.114529
0.327623,0.11455
0.327721,0.114571
0.327819,0.114592
0.327916,0.114613
0.328014,0.114634
0.328112,0.114655
0.32821,0.114676
0.328307,0.114697
0.328405,0.114718
0.328503,0.114738
0.328601,0.114759
0.328699,0.11478
0.328796,0.114801
0.328894,0.114822
0.328992,0.114843
0.32909,0.114864
0.329187,0.114885
0.329285,0.114906
0.329383,0.114927
0.329481,0.114947
0.329579,0.114968
0.329676,0.114989
0.329774,0.11501
0.329872,0.115031
0.32997,0.115051
0.330068,0.115072
0.330166,0.115093
0.330263,0.115114
0.330361,0.115135
0.330459,0.115155
0.330557,0.115176
0.330655,0.115197
0.330752,0.115217
0.33085,0.115238
0.330948,0.115259
0.331046,0.11528
0.331144,0.1153
0.331242,0.115321
0.33134,0.115342
0.331437,0.115362
0.331535,0.115383
0.331633,0.115404
0.331731,0.115424
0.331829,0.115445
0.331927,0.115465
0.332024,0.115486
0.332122,0.115507
0.33222,0.115527
0.332318,0.115548
0.332416,0.115568
0.332514,0.115589
0.332612,0.115609
0.33271,0.11563
0.332807,0.11565
0.332905,0.115671
0.333003,0.115691
0.333101,0.115712
0.333199,0.115732
0.333297,0.115753
0.333395,0.115773
0.333493,0.115794
0.33359,0.115814
0.333688,0.115835
0.333786,0.115855
0.333884,0.115875
0.333982,0.115896
0.33408,0.115916
0.334178,0.115937
0.334276,0.115957
0.334374,0.115977
0.334472,0.115998
0.334569,0.116018
0.334667,0.116038
0.334765,0.116059
0.334863,0.116079
0.334961,0.116099
0.335059,0.11612
0.335157,0.11614
0.335255,0.11616
0.335353,0.116181
0.335451,0.116201
0.335549,0.116221
0.335647,0.116241
0.335744,0.116261
0.335842,0.116282
0.33594,0.116302
0.336038,0.116322
0.336136,0.116342
0.336234,0.116362
0.336332,0.116383
0.33643,0.116403
0.336528,0.116423
0.336626,0.116443
0.336724,0.116463
0.336822,0.116483
0.33692,0.116503
0.337018,0.116524
0.337116,0.116544
0.337214,0.116564
0.337312,0.116584
0.33741,0.116604
0.337508,0.116624
0.337606,0.116644
0.337704,0.116664
0.337802,0.116684
0.3379,0.116704
0.337997,0.116724
0.338095,0.116744
0.338193,0.116764
0.338291,0.116784
0.338389,0.116804
0.338487,0.116824
0.338585,0.116844
0.338683,0.116864
0.338781,0.116884
0.338879,0.116904
0.338977,0.116924
0.339075,0.116944
0.339173,0.116963
0.339271,0.116983
0.339369,0.117003
0.339467,0.117023
0.339565,0.117043
0.339663,0.117063
0.339761,0.117083
0.339859,0.117102
0.339957,0.117122
0.340055,0.117142
0.340153,0.117162
0.340252,0.117182
0.34035,0.117201
0.340448,0.117221
0.340546,0.117241
0.340644,0.117261
0.340742,0.11728
0.34084,0.1173
0.340938,0.11732
0.341036,0.11734
0.341134,0.117359
0.341232,0.117379
0.34133,0.117399
0.341428,0.117418
0.341526,0.117438
0.341624,0.117458
0.341722,0.117477
0.34182,0.117497
0.341918,0.117517
0.342016,0.117536
0.342114,0.117556
0.342212,0.117575
0.34231,0.117595
0.342409,0.117615
0.342507,0.117634
0.342605,0.117654
0.342703,0.117673
0.342801,0.117693
0.342899,0.117712
0.342997,0.117732
0.343095,0.117751
0.343193,0.117771
0.343291,0.11779
0.343389,0.11781
0.343487,0.117829
0.343585,0.117849
0.343684,0.117868
0.343782,0.117888
0.34388,0.117907
0.343978,0.117926
0.344076,0.117946
0.344174,0.117965
0.344272,0.117985
0.34437,0.118004
0.344468,0.118023
0.344566,0.118043
0.344665,0.118062
0.344763,0.118082
0.344861,0.118101
0.344959,0.11812
0.345057,0.118139
0.345155,0.118159
0.345253,0.118178
0.345351,0.118197
0.345449,0.118217
0.345548,0.118236
0.345646,0.118255
0.345744,0.118274
0.345842,0.118294
0.34594,0.118313
0.346038,0.118332
0.346136,0.118351
0.346235,0.118371
0.346333,0.11839
0.346431,0.118409
0.346529,0.118428
0.346627,0.118447
0.346725,0.118466
0.346823,0.118486
0.346922,0.118505
0.34702,0.118524
0.347118,0.118543
0.347216,0.118562
0.347314,0.118581
0.347412,0.1186
0.34751,0.118619
0.347609,0.118638
0.347707,0.118657
0.347805,0.118677
0.347903,0.118696
0.348001,0.118715
0.3481,0.118734
0.348198,0.118753
0.348296,0.118772
0.348394,0.118791
0.348492,0.11881
0.34859,0.118829
0.348689,0.118848
0.348787,0.118867
0.348885,0.118885
0.348983,0.118904
0.349081,0.118923
0.34918,0.118942
0.349278,0.118961
0.349376,0.11898
0.349474,0.118999
0.349572,0.119018
0.349671,0.119037
0.349769,0.119056
0.349867,0.119074
0.349965,0.119093
0.350063,0.119112
0.350162,0.119131
0.35026,0.11915
0.350358,0.119169
0.350456,0.119187
0.350554,0.119206
0.350653,0.119225
0.350751,0.119244
0.350849,0.119262
0.350947,0.119281
0.351046,0.1193
0.351144,0.119319
0.351242,0.119337
0.35134,0.119356
0.351439,0.119375
0.351537,0.119393
0.351635,0.119412
0.351733,0.119431
0.351831,0.119449
0.35193,0.119468
0.352028,0.119487
0.352126,0.119505
0.352224,0.119524
0.352323,0.119543
0.352421,0.119561
0.352519,0.11958
0.352617,0.119598
0.352716,0.119617
0.352814,0.119636
0.352912,0.119654
0.353011,0.119673
0.353109,0.119691
0.353207,0.11971
0.353305,0.119728
0.353404,0.119747
0.353502,0.119765
0.3536,0.119784
0.353698,0.119802
0.353797,0.119821
0.353895,0.119839
0.353993,0.119858
0.354092,0.119876
0.35419,0.119895
0.354288,0.119913
0.354386,0.119931
0.354485,0.11995
0.354583,0.119968
0.354681,0.119987
0.35478,0.120005
0.354878,0.120023
0.354976,0.120042
0.355075,0.12006
0.355173,0.120078
0.355271,0.120097
0.355369,0.120115
0.355468,0.120133
0.355566,0.120152
0.355664,0.12017
0.355763,0.120188
0.355861,0.120206
0.355959,0.120225
0.356058,0.120243
0.356156,0.120261
0.356254,0.120279
0.356353,0.120298
0.356451,0.120316
0.356549,0.120334
0.356648,0.120352
0.356746,0.120371
0.356844,0.120389
0.356943,0.120407
0.357041,0.120425
0.357139,0.120443
0.357238,0.120461
0.357336,0.120479
0.357434,0.120498
0.357533,0.120516
0.357631,0.120534
0.357729,0.120552
0.357828,0.12057
0.357926,0.120588
0.358024,0.120606
0.358123,0.120624
0.358221,0.120642
0.358319,0.12066
0.358418,0.120678
0.358516,0.120696
0.358615,0.120714
0.358713,0.120732
0.358811,0.12075
0.35891,0.120768
0.359008,0.120786
0.359106,0.120804
0.359205,0.120822
0.359303,0.12084
0.359402,0.120858
0.3595,0.120876
0.359598,0.120894
0.359697,0.120912
0.359795,0.12093
0.359893,0.120948
0.359992,0.120965
0.36009,0.120983
0.360189,0.121001
0.360287,0.121019
0.360385,0.121037
0.360484,0.121055
0.360582,0.121073
0.360681,0.12109
0.360779,0.121108
0.360877,0.121126
0.360976,0.121144
0.361074,0.121162
0.361173,0.121179
0.361271,0.121197
0.361369,0.121215
0.361468,0.121233
0.361566,0.12125
0.361665,0.121268
0.361763,0.121286
0.361862,0.121303
0.36196,0.121321
0.362058,0.121339
0.362157,0.121356
0.362255,0.121374
0.362354,0.121392
0.362452,0.121409
0.362551,0.121427
0.362649,0.121445
0.362747,0.121462
0.362846,0.12148
0.362944,0.121497
0.363043,0.121515
0.363141,0.121533
0.36324,0.12155
0.363338,0.121568
0.363437,0.121585
0.363535,0.121603
0.363633,0.12162
0.363732,0.121638
0.36383,0.121655
0.363929,0.121673
0.364027,0.12169
0.364126,0.121708
0.364224,0.121725
0.364323,0.121743
0.364421,0.12176
0.36452,0.121778
0.364618,0.121795
0.364716,0.121813
0.364815,0.12183
0.364913,0.121847
0.365012,0.121865
0.36511,0.121882
0.365209,0.1219
0.365307,0.121917
0.365406,0.121934
0.365504,0.121952
0.365603,0.121969
0.365701,0.121986
0.3658,0.122004
0.365898,0.122021
0.365997,0.122038
0.366095,0.122056
0.366194,0.122073
0.366292,0.12209
0.366391,0.122107
0.366489,0.122125
0.366588,0.122142
0.366686,0.122159
0.366785,0.122176
0.366883,0.122194
0.366982,0.122211
0.36708,0.122228
0.367179,0.122245
0.367277,0.122262
0.367376,0.12228
0.367474,0.122297
0.367573,0.122314
0.367671,0.122331
0.36777,0.122348
0.367868,0.122365
0.367967,0.122382
0.368065,0.122399
0.368164,0.122417
0.368263,0.122434
0.368361,0.122451
0.36846,0.122468
0.368558,0.122485
0.368657,0.122502
0.368755,0.122519
0.368854,0.122536
0.368952,0.122553
0.369051,0.12257
0.369149,0.122587
0.369248,0.122604
0.369346,0.122621
0.369445,0.122638
0.369544,0.122655
0.369642,0.122672
0.369741,0.122689
0.369839,0.122706
0.369938,0.122723
0.370036,0.12274
0.370135,0.122757
0.370233,0.122774
0.370332,0.12279
0.370431,0.122807
0.370529,0.122824
0.370628,0.122841
0.370726,0.122858
0.370825,0.122875
0.370923,0.122892
0.371022,0.122908
0.371121,0.122925
0.371219,0.122942
0.371318,0.122959
0.371416,0.122976
0.371515,0.122992
0.371613,0.123009
0.371712,0.123026
0.371811,0.123043
0.371909,0.123059
0.372008,0.123076
0.372106,0.123093
0.372205,0.12311
0.372304,0.123126
0.372402,0.123143
0.372501,0.12316
0.372599,0.123176
0.372698,0.123193
0.372797,0.12321
0.372895,0.123226
0.372994,0.123243
0.373092,0.12326
0.373191,0.123276
0.37329,0.123293
0.373388,0.123309
0.373487,0.123326
0.373585,0.123343
0.373684,0.123359
0.373783,0.123376
0.373881,0.123392
0.37398,0.123409
0.374079,0.123425
0.374177,0.123442
0.374276,0.123458
0.374374,0.123475
0.374473,0.123492
0.374572,0.123508
0.37467,0.123524
0.374769,0.123541
0.374868,0.123557
0.374966,0.123574
0.375065,0.12359
0.375163,0.123607
0.375262,0.123623
0.375361,0.12364
0.375459,0.123656
0.375558,0.123672
0.375657,0.123689
0.375755,0.123705
0.375854,0.123722
0.375953,0.123738
0.376051,0.123754
0.37615,0.123771
0.376249,0.123787
0.376347,0.123803
0.376446,0.12382
0.376545,0.123836
0.376643,0.123852
0.376742,0.123868
0.376841,0.123885
0.376939,0.123901
0.377038,0.123917
0.377137,0.123934
0.377235,0.12395
0.377334,0.123966
0.377433,0.123982
0.377531,0.123998
0.37763,0.124015
0.377729,0.124031
0.377827,0.124047
0.377926,0.124063
0.378025,0.124079
0.378123,0.124096
0.378222,0.124112
0.378321,0.124128
0.378419,0.124144
0.378518,0.12416
0.378617,0.124176
0.378716,0.124192
0.378814,0.124208
0.378913,0.124224
0.379012,0.124241
0.37911,0.124257
0.379209,0.124273
0.379308,0.124289
0.379406,0.124305
0.379505,0.124321
0.379604,0.124337
0.379703,0.124353
0.379801,0.124369
0.3799,0.124385
0.379999,0.124401
0.380097,0.124417
0.380196,0.124433
0.380295,0.124449
0.380394,0.124465
0.380492,0.124481
0.380591,0.124497
0.38069,0.124512
0.380788,0.124528
0.380887,0.124544
0.380986,0.12456
0.381085,0.124576
0.381183,0.124592
0.381282,0.124608
0.381381,0.124624
0.38148,0.124639
0.381578,0.124655
0.381677,0.124671
0.381776,0.124687
0.381875,0.124703
0.381973,0.124719
0.382072,0.124734
0.382171,0.12475
0.38227,0.124766
0.382368,0.124782
0.382467,0.124797
0.382566,0.124813
0.382665,0.124829
0.382763,0.124845
0.382862,0.12486
0.382961,0.124876
0.38306,0.124892
0.383158,0.124907
0.383257,0.124923
0.383356,0.124939
0.383455,0.124954
0.383553,0.12497
0.383652,0.124986
0.383751,0.125001
0.38385,0.125017
0.383949,0.125033
0.384047,0.125048
0.384146,0.125064
0.384245,0.125079
0.384344,0.125095
0.384442,0.12511
0.384541,0.125126
0.38464,0.125142
0.384739,0.125157
0.384838,0.125173
0.384936,0.125188
0.385035,0.125204
0.385134,0.125219
0.385233,0.125235
0.385332,0.12525
0.38543,0.125266
0.385529,0.125281
0.385628,0.125297
0.385727,0.125312
0.385825,0.125327
0.385924,0.125343
0.386023,0.125358
0.386122,0.125374
0.386221,0.125389
0.38632,0.125404
0.386418,0.12542
0.386517,0.125435
0.386616,0.125451
0.386715,0.125466
0.386814,0.125481
0.386912,0.125497
0.387011,0.125512
0.38711,0.125527
0.387209,0.125543
0.387308,0.125558
0.387407,0.125573
0.387505,0.125588
0.387604,0.125604
0.387703,0.125619
0.387802,0.125634
0.387901,0.125649
0.387999,0.125665
0.388098,0.12568
0.388197,0.125695
0.388296,0.12571
0.388395,0.125726
0.388494,0.125741
0.388593,0.125756
0.388691,0.125771
0.38879,0.125786
0.388889,0.125801
0.388988,0.125817
0.389087,0.125832
0.389186,0.125847
0.389284,0.125862
0.389383,0.125877
0.389482,0.125892
0.389581,0.125907
0.38968,0.125922
0.389779,0.125937
0.389878,0.125952
0.389976,0.125967
0.390075,0.125983
0.390174,0.125998
0.390273,0.126013
0.390372,0.126028
0.390471,0.126043
0.39057,0.126058
0.390668,0.126073
0.390767,0.126088
0.390866,0.126103
0.390965,0.126118
0.391064,0.126132
0.391163,0.126147
0.391262,0.126162
0.391361,0.126177
0.39146,0.126192
0.391558,0.126207
0.391657,0.126222
0.391756,0.126237
0.391855,0.126252
0.391954,0.126267
0.392053,0.126281
0.392152,0.126296
0.392251,0.126311
0.39235,0.126326
0.392448,0.126341
0.392547,0.126356
0.392646,0.12637
0.392745,0.126385
0.392844,0.1264
